<?xml version="1.0" encoding="UTF-8"?>
<project-private xmlns="http://www.netbeans.org/ns/project-private/1">
    <editor-bookmarks xmlns="http://www.netbeans.org/ns/editor-bookmarks/2" lastBookmarkId="1">
        <file>
            <url>public/css/default.css</url>
            <bookmark id="1">
                <name/>
                <line>24</line>
                <key/>
            </bookmark>
        </file>
    </editor-bookmarks>
    <open-files xmlns="http://www.netbeans.org/ns/projectui-open-files/2">
        <group>
            <file>file:/var/www/html/laravel_training/nhuongph_money_lover/app/Http/Controllers/UserController.php</file>
        </group>
    </open-files>
</project-private>
